t [s],x_position_mid [m],u_velo [m/s],y_position_mid [m],vm_velo [m/s],psi_hat [rad],r_angvelo [rad/s],n_prop [rps],delta_rudder [rad],wind_velo_relative_mid [m/s],wind_dir_relative_mid [rad],wind_velo_true [m/s],wind_dir_true [rad],u_velo_raw [m/s],vm_velo_raw [m/s],psi [rad],psi_hat_GNSS_f2a [rad],psi_hat_GNSS_f23 [rad],psi_hat_GNSS_a23 [rad],r_angvelo_raw [rad/s],chosen_GPS,chosen_headind_method
0,-2.97221317026185,0.0616300648809474,2.81337699695103,-0.000666810603582871,-0.0126342164110078,0.00791684841096039,20,0,0.521441316285608,5.99471962342883,0.462476662223234,5.94554924556858,0.0616300648809474,-0.000666810603582871,-0.0406661702398873,-0.693572284147476,-0.0126342164110078,2.44802024241563,-0.00104719752778991,1,2
0.1,-2.95338996031474,0.061445954927151,2.81685137277704,-0.00052220053608726,-0.0155858212348374,0.0072512245925625,20,0,0.487754864527141,5.73816969807721,0.436071700919883,5.6504923133554,0.0428649896413948,-0.0042522175147184,-0.0418879037123396,-0.693572283256881,-0.0155858212348374,2.44802024377781,-0.00122173048159752,1,2
0.2,-2.95338996031474,0.0610833907079065,2.81685137277704,-0.000594983121535747,-0.0155858212348374,0.00659478850192362,20,0.0515744793964324,0.567265708536148,5.72086166688454,0.516263275446258,5.64312386082621,0.0428649896413948,-0.0042522175147184,-0.0431096330236026,-0.693572283256881,-0.0155858212348374,2.44802024377781,-0.00349065855600352,1,2
0.3,-2.95338996031474,0.0605611303697993,2.81685137277704,-0.000699823741947369,-0.0155858212348374,0.00595123250262492,20,0.0722042711550054,0.652158520457553,5.6870040962511,0.602572037563382,5.61591001233249,0.0428649896413948,-0.0042522175147184,-0.0432841657823545,-0.693572283256881,-0.0155858212348374,2.44802024377781,-0.00157079638921273,1,2
0.4,-2.91059644852182,0.0583061146231973,2.81193161270381,-0.000715332403943521,-0.0148730151253977,0.00532410575774901,20,0.103148958792865,0.651950312746075,5.68733661698031,0.604137921114027,5.61924670623145,0,0,-0.0434586985411064,-0.693572281355976,-0.0148730151253977,2.44802024490784,-0.00157079638921273,1,2
0.5,-2.91059644852182,0.0580901538700327,2.81193161270381,-0.00068821869646108,-0.0148730151253977,0.00471679588409331,20,0.123778750551438,0.651758974153504,5.6876780038942,0.604123746505678,5.61977825502056,0.0535173483258482,-0.000114106455777342,-0.0434586985411064,-0.693572281355976,-0.0148730151253977,2.44802024490784,-0.00122173048159752,1,2
0.6,-2.91059644852182,0.0578513611718837,2.81193161270381,-0.000658238455738277,-0.0148730151253977,0.0041325106597046,20,0.144408542310011,0.786569643406077,5.61807266040302,0.741471822670347,5.55572185259818,0.0535173483258482,-0.000114106455777342,-0.0434586985411064,-0.693572281355976,-0.0148730151253977,2.44802024490784,-0.00139626337038654,1,2
0.7,-2.91059644852182,0.0575974938124702,2.81193161270381,-0.000626365602816564,-0.0148730151253977,0.00357425910031881,20,0.165038334068584,0.786382085933112,5.61833769665976,0.741487865436811,5.55618226165971,0.0535173483258482,-0.000114106455777342,-0.0434586985411064,-0.693572281355976,-0.0148730151253977,2.44802024490784,0.000349065842596636,1,2
0.8,-2.91059644852182,0.0573356514247608,2.81193161270381,-0.000593491491188313,-0.0148730151253977,0.00304483376559623,20,0.17535322994787,0.81111446020289,5.5921614420788,0.767396609684081,5.53024299676223,0.0535173483258482,-0.000114106455777342,-0.0436332312998582,-0.693572281355976,-0.0148730151253977,2.44802024490784,0.000349065842596636,1,2
0.9,-2.91059644852182,0.0570719869327728,2.81193161270381,-0.000560388615760674,-0.0148730151253977,0.00254679464512573,20,0.195983021706443,0.825754948356465,5.65355579591225,0.779995763133825,5.59615947215923,0.0535173483258482,-0.000114106455777342,-0.0436332312998582,-0.693572281355976,-0.0148730151253977,2.44802024490784,0.000349065842596636,1,2
1,-2.91059644852182,0.0571087925863428,2.81193161270381,-0.00054288506513288,-0.0148730151253977,0.00208245363669143,20,0.20629791758573,0.825617715815932,5.65378756892091,0.779833018912383,5.59635060178754,0.0575743758043115,-0.000321469096749566,-0.0436332312998582,-0.693572281355976,-0.0148730151253977,2.44802024490784,-0.000349065842596636,1,2
1.1,-2.91059644852182,0.0564232521403425,2.81193161270381,-0.00067013369770499,-0.0148730151253977,0.00165386001238806,20,0.216612813465016,0.785488133419693,5.65364236097257,0.74020168568279,5.59459945024203,0.0481896480355931,-0.00219843865707291,-0.0436332312998582,-0.693572281355976,-0.0148730151253977,2.44802024490784,-0.00139626337038654,1,2
1.2,-2.91059644852182,0.0557652248052517,2.81193161270381,-0.000792275402215518,-0.0148730151253977,0.0012627866488728,20,0.237242605223589,0.760409603087198,5.61927026483706,0.716788253291316,5.55730191010433,0.0481896480355931,-0.00219843865707291,-0.0434586985411064,-0.693572281355976,-0.0148730151253977,2.44802024490784,0.00104719752778991,1,2
1.3,-2.91059644852182,0.0551402303860804,2.81193161270381,-0.000908285603610284,-0.0148730151253977,0.000910718366311859,20,0.247557501102876,0.760305468825799,5.6194655864378,0.717074590742472,5.5581924639602,0.0481896480355931,-0.00219843865707291,-0.0434586985411064,-0.693572281355976,-0.0148730151253977,2.44802024490784,0,1,2
1.4,-2.91059644852182,0.0527371860245602,2.81193161270381,-0.000836212418308618,-0.0148730151253977,0.000598843184050112,20,0.257872396982162,0.785215213687777,5.54098988305141,0.74659822777371,5.47917204909013,0.0267586741629241,-5.70532278886709e-05,-0.0432841657823545,-0.693572281355976,-0.0148730151253977,2.44802024490784,0.000872664639000881,1,2
1.5,-2.8570867163261,0.0504939435728973,2.81102158388232,-0.000494470866195535,-0.0203066752469845,0.000328043707821796,20,0.268187292861449,0.785124818372769,5.54113086403228,0.748327497708527,5.47568694249945,0.0267585891498104,8.83444395856894e-05,-0.0432841657823545,-0.693572279215636,-0.0203066752469845,2.44802024805121,0.00314159277842547,1,2
1.6,-2.8570867163261,0.0506548438818184,2.81102158388232,-0.000296738793661299,-0.0203066752469845,9.88912078864069e-05,20,0.268187292861449,0.755043963381158,5.54089845115238,0.718311748496413,5.47319728973048,0.0523225150197918,0.00175267971043112,-0.0431096330236026,-0.693572279215636,-0.0203066752469845,2.44802024805121,0.00261799398202122,1,2
1.7,-2.8570867163261,0.0508036782724051,2.81102158388232,-0.000113834654368925,-0.0203066752469845,-8.83574585401127e-05,20,0.268187292861449,0.78996790762413,5.54922207106529,0.752923581827384,5.48380307451605,0.0523225150197918,0.00175267971043112,-0.0427605675060989,-0.693572279215636,-0.0203066752469845,2.44802024805121,0.00506145468514193,1,2
1.8,-2.8570867163261,0.0509408083068829,2.81102158388232,5.4685879282122e-05,-0.0203066752469845,-0.000233761670504927,20,0.268187292861449,0.789920725283881,5.5492944662557,0.752893757206801,5.48358753439393,0.0523225150197918,0.00175267971043112,-0.0424115019885952,-0.693572279215636,-0.0203066752469845,2.44802024805121,0.0047123891676382,1,2
1.9,-2.8570867163261,0.0510667447638059,2.81102158388232,0.000209450508399217,-0.0203066752469845,-0.000337695542022988,20,0.268187292861449,0.789886785068633,5.54934458551969,0.752876718620311,5.48337343368997,0.0523225150197918,0.00175267971043112,-0.0424115019885952,-0.693572279215636,-0.0203066752469845,2.44802024805121,0.0047123891676382,1,2
2,-2.8570867163261,0.0511820933706314,2.81102158388232,0.000351203617790222,-0.0203066752469845,-0.000400844472510078,20,0.268187292861449,0.839894440996109,5.57634465202967,0.801890445097425,5.51422725387335,0.0523225150197918,0.00175267971043112,-0.0418879037123396,-0.693572279215636,-0.0203066752469845,2.44802024805121,0.00453785588873769,1,2
2.1,-2.8570867163261,0.0512875133278221,2.81102158388232,0.00048075530579858,-0.0203066752469845,-0.000424199420465147,20,0.257872396982162,0.839886913136424,5.5763545927686,0.801893606327477,5.51402943018933,0.0523225150197918,0.00175267971043112,-0.0413643012748948,-0.693572279215636,-0.0203066752469845,2.44802024805121,0.00349065855600352,1,2
2.2,-2.8570867163261,0.0513836864192154,2.81102158388232,0.000598943423713015,-0.0203066752469845,-0.000409048102377524,20,0.257872396982162,0.839881035380063,5.56757178371336,0.802210786157405,5.50465100597795,0.0523225150197918,0.00175267971043112,-0.0410152357573911,-0.693572279215636,-0.0203066752469845,2.44802024805121,0.00261799398202122,1,2
2.3,-2.8570867163261,0.0514712946259594,2.81102158388232,0.000706606065299357,-0.0203066752469845,-0.000356964288206611,20,0.268187292861449,0.784948545096409,5.53297816952444,0.748612663998909,5.46507093310393,0.0523225150197918,0.00175267971043112,-0.0406661702398873,-0.693572279215636,-0.0203066752469845,2.44802024805121,0.00261799398202122,1,2
2.4,-2.8570867163261,0.051551004408326,2.81102158388232,0.000804562250556399,-0.0203066752469845,-0.000269794197447933,20,0.268187292861449,0.784976432359531,5.53293500390647,0.748657094002907,5.46486054491807,0.0523225150197918,0.00175267971043112,-0.0406661702398873,-0.693572279215636,-0.0203066752469845,2.44802024805121,0.00122173048159752,1,2
2.5,-2.8570867163261,0.049110586842133,2.81102158388232,0.000885302576120743,-0.0203066752469845,-0.000149639933922354,20,0.268187292861449,0.720404334331217,5.72443061845807,0.679746010070481,5.66469457661958,0.0255639258699815,0.00166433527084544,-0.0406661702398873,-0.693572279215636,-0.0203066752469845,2.44802024805121,0,1,2
2.6,-2.80590181620521,0.0468975100503826,2.81331140281244,0.000779086927405778,-0.0164780990184437,1.15887330673276e-06,20,0.278502188740735,0.720418220658258,5.72435557011867,0.681531437212664,5.67040137238864,0.025570110531137,0.00156644987316109,-0.0406661702398873,-0.69357227619198,-0.0164780990184437,2.448020250723,-0.00139626337038654,1,2
2.7,-2.80590181620521,0.0457786749561618,2.81331140281244,0.00105401195293697,-0.0164780990184437,0.000180044800594899,20,0.288817084620022,0.590448220625536,5.7253736879779,0.55271522096486,5.66339197523021,0.035033883539685,0.00369426883240094,-0.0408407029986392,-0.69357227619198,-0.0164780990184437,2.448020250723,0.000698131685193272,1,2
2.8,-2.80590181620521,0.044763769810673,2.81331140281244,0.00130339885944044,-0.0164780990184437,0.000384264999423938,20,0.299131980499308,0.670420566014853,5.73285816687455,0.633393077502346,5.67762567098725,0.035033883539685,0.00369426883240094,-0.0408407029986392,-0.69357227619198,-0.0164780990184437,2.448020250723,0.000698131685193272,1,2
2.9,-2.80590181620521,0.0438435511642843,2.81331140281244,0.00152951898756254,-0.0164780990184437,0.00061089693089119,20,0.299131980499308,0.670466123340277,5.73265415022534,0.634330345001824,5.67791728655409,0.035033883539685,0.00369426883240094,-0.0408407029986392,-0.69357227619198,-0.0164780990184437,2.448020250723,0.000174532921298318,1,2
3,-2.80590181620521,0.0430094900979291,2.81331140281244,0.00173446810039134,-0.0164780990184437,0.000856875000453038,20,0.309446876378595,0.670515122364108,5.73243398351473,0.635189574256951,5.67814523346854,0.035033883539685,0.00369426883240094,-0.0408407029986392,-0.69357227619198,-0.0164780990184437,2.448020250723,-0.000523598763894954,1,2
3.1,-2.80590181620521,0.0422537462305541,2.81331140281244,0.00192017277045963,-0.0164780990184437,0.00111901757984498,20,0.309446876378595,0.690553130035967,5.78451995827014,0.654689841072432,5.73455585893626,0.035033883539685,0.00369426883240094,-0.0408407029986392,-0.69357227619198,-0.0164780990184437,2.448020250723,-0.000174532921298318,1,2
3.2,-2.80590181620521,0.0415691335998696,2.81331140281244,0.00208839876367536,-0.0164780990184437,0.00139405612597954,20,0.319761772257881,0.690600908912234,5.78426758585265,0.65541801335261,5.73460023103608,0.035033883539685,0.00369426883240094,-0.0408407029986392,-0.69357227619198,-0.0164780990184437,2.448020250723,-0.00174532927800176,1,2
3.3,-2.80590181620521,0.040949081827829,2.81331140281244,0.00224076058190886,-0.0164780990184437,0.00167866520640572,20,0.330076668137168,0.775615730855632,5.76761243293021,0.741385087168356,5.72123335148614,0.035033883539685,0.00369426883240094,-0.0408407029986392,-0.69357227619198,-0.0164780990184437,2.448020250723,-0.000349065842596636,1,2
3.4,-2.80590181620521,0.0403875950160605,2.81331140281244,0.00237873156338614,-0.0164780990184437,0.00196949269452889,20,0.330076668137168,0.735528799550623,5.81083383964767,0.700905196363784,5.76507797837014,0.035033883539685,0.00369426883240094,-0.0408407029986392,-0.69357227619198,-0.0164780990184437,2.448020250723,-0.000349065842596636,1,2
3.5,-2.80590181620521,0.0398792100922153,2.81331140281244,0.00250365411800548,-0.0164780990184437,0.0022631912063921,20,0.340391564016454,0.735586193743755,5.8106364139425,0.701473777918834,5.76506651309023,0.035033883539685,0.00369426883240094,-0.0408407029986392,-0.69357227619198,-0.0164780990184437,2.448020250723,0.000349065842596636,1,2
3.6,-2.80590181620521,0.036990068233115,2.81331140281244,0.00246795378970428,-0.0164780990184437,0.00255644955343716,20,0.340391564016454,0.73054682722116,5.88874159993732,0.697493544159916,5.84858047287243,0.00946377300854809,0.00212781895923985,-0.0408407029986392,-0.69357227619198,-0.0164780990184437,2.448020250723,0.000349065842596636,1,2
3.7,-2.78690671815735,0.0343796112658452,2.81725458711893,0.00236512840908129,-0.014427090547293,0.00284602366055041,20,0.350706459895741,0.730608421891666,5.88856207298893,0.699897851280807,5.85209103790166,0.00946811727488286,0.00210840421876085,-0.0408407029986392,-0.693572274829798,-0.014427090547293,2.44802025149388,0.000349065842596636,1,2
3.8,-2.78690671815735,0.0320121725043363,2.81725458711893,0.00234073088401105,-0.014427090547293,0.00312876675122143,20,0.350706459895741,0.730667632178926,5.88838565435331,0.702111538118256,5.85330243068222,0.00946811727488286,0.00210840421876085,-0.0406661702398873,-0.693572274829798,-0.014427090547293,2.44802025149388,0.00139626337038654,1,2
3.9,-2.78690671815735,0.030012697491375,2.81725458711893,0.00258921685267259,-0.014427090547293,0.00340165874540607,20,0.350706459895741,0.755859632356149,5.86230779726558,0.729562862156166,5.82774977431413,0.0109762413531114,0.00495498397290966,-0.0404916374811355,-0.693572274829798,-0.014427090547293,2.44802025149388,0.00139626337038654,1,2
4,-2.78690671815735,0.0282030167460948,2.81725458711893,0.00281411602372705,-0.014427090547293,0.00366183475950579,20,0.350706459895741,0.740952150862258,5.83602774169002,0.71674270881282,5.80091742350796,0.0109762413531114,0.00495498397290966,-0.0403171047223836,-0.693572274829798,-0.014427090547293,2.44802025149388,0.00279252674077309,1,2
4.1,-2.78690671815735,0.0265651811314669,2.81725458711893,0.00301765903705355,-0.014427090547293,0.00390661158393315,20,0.340391564016454,0.74103901837416,5.83591132629518,0.718352417514217,5.80154128659386,0.0109762413531114,0.00495498397290966,-0.039793506446128,-0.693572274829798,-0.014427090547293,2.44802025149388,0.00436332312998582,1,2
4.2,-2.78690671815735,0.0250829217359798,2.81725458711893,0.00320186772148707,-0.014427090547293,0.00413351292886235,20,0.340391564016454,0.696417533936134,5.81872175214315,0.675370604719515,5.78321362955054,0.0109762413531114,0.00495498397290966,-0.0392699081698724,-0.693572274829798,-0.014427090547293,2.44802025149388,0.00488692192639007,1,2
4.3,-2.78690671815735,0.0237414970750355,2.81725458711893,0.00336857408395747,-0.014427090547293,0.00434029240460229,20,0.330076668137168,0.696480482034054,5.81860884506159,0.676681832396503,5.78378147126013,0.0109762413531114,0.00495498397290966,-0.038571777134865,-0.693572274829798,-0.014427090547293,2.44802025149388,0.00750491590841129,1,2
4.4,-2.78690671815735,0.0225275530093499,2.81725458711893,0.00351943771821518,-0.014427090547293,0.00452495391176096,20,0.319761772257881,0.681720223970686,5.78376236092666,0.663548995876877,5.74815275597232,0.0109762413531114,0.00495498397290966,-0.0378736460998575,-0.693572274829798,-0.014427090547293,2.44802025149388,0.00767944866716316,1,2
4.5,-2.78690671815735,0.0214289946400329,2.81725458711893,0.00365596172514772,-0.014427090547293,0.00468577050525174,20,0.299131980499308,0.64720970298041,5.90665576134771,0.628472954177858,5.87403224283357,0.0109762413531114,0.00495498397290966,-0.037000978144909,-0.693572274829798,-0.014427090547293,2.44802025149388,0.00715584987075891,1,2
4.6,-2.78690671815735,0.0204348693894783,2.81725458711893,0.00377950724297297,-0.014427090547293,0.00482129951196115,20,0.288817084620022,0.647211643466897,5.90653001585237,0.629438463587429,5.87431803156176,0.0109762413531114,0.00495498397290966,-0.0363028471099015,-0.693572274829798,-0.014427090547293,2.44802025149388,0.00767944866716316,1,2
4.7,-2.78690671815735,0.018634749015324,2.81725458711893,0.00369077662644997,-0.014427090547293,0.00493039391716071,20,0.278502188740735,0.62217406233771,5.88897393428409,0.606155703904996,5.85675619322203,0.00150812407822858,0.00284657975414881,-0.0356047160748941,-0.693572274829798,-0.014427090547293,2.44802025149388,0.00855211350121978,1,2
4.8,-2.78690671815735,0.0170057911698951,2.81725458711893,0.00361048286610476,-0.014427090547293,0.00501221176147336,20,0.257872396982162,0.601925624841274,5.93191168229015,0.586881964037458,5.90131409989821,0.00150812407822858,0.00284657975414881,-0.0356047160748941,-0.693572274829798,-0.014427090547293,2.44802025149388,0.00855211350121978,1,2
4.9,-2.78380865101936,0.0155522602982307,2.822903639972,0.0034464670620408,-0.00854901546251452,0.00506622274799271,20,0.247557501102876,0.601959625811994,5.93187266818567,0.588163415130513,5.90823544077045,0.00152483033730209,0.00283766576159101,-0.0350811177986385,-0.693572273826764,-0.00854901546251452,2.44802025155374,0.00767944866716316,1,2
5,-2.78380865101936,0.0141033687418517,2.822903639972,0.00337607384015984,-0.00854901546251452,0.00509221102290098,20,0.237242605223589,0.606547531832696,6.01849370633769,0.593290814479156,5.99770684572587,0.000319476328131004,0.00270639459964631,-0.034382986763631,-0.693572273826764,-0.00854901546251452,2.44802025155374,0.00663225107435467,1,2
5.1,-2.78380865101936,0.0127922702820124,2.822903639972,0.00331237518418733,-0.00854901546251452,0.00509027420341311,20,0.226927709344303,0.531562874677546,5.93879644468106,0.520073492098981,5.9151277323053,0.000319476328131004,0.00270639459964631,-0.0338593884873754,-0.693572273826764,-0.00854901546251452,2.44802025155374,0.00575958676044669,1,2
5.2,-2.78380865101936,0.0116058658067816,2.822903639972,0.00325473468438747,-0.00854901546251452,0.00506081892132376,20,0.216612813465016,0.531622261485805,5.93899425164701,0.521157437291937,5.91610891338132,0.000319476328131004,0.00270639459964631,-0.0331612553717733,-0.693572273826764,-0.00854901546251452,2.44802025155374,0.00610865227795042,1,2
5.3,-2.78380865101936,0.0105323000682974,2.822903639972,0.00320257636315204,-0.00854901546251452,0.00500455335404815,20,0.216612813465016,0.491549890164807,5.90265120426141,0.48229626821667,5.87862538736114,0.000319476328131004,0.00270639459964631,-0.0324631243367659,-0.693572273826764,-0.00854901546251452,2.44802025155374,0.00593411951919856,1,2
5.4,-2.78380865101936,0.00956084392706927,2.822903639972,0.0031553789539353,-0.00854901546251452,0.00492247686445815,20,0.20629791758573,0.491571201530328,5.90300238585116,0.483158680068197,5.87972715397972,0.000319476328131004,0.00270639459964631,-0.0319395260605103,-0.693572273826764,-0.00854901546251452,2.44802025155374,0.00628318555685094,1,2
5.5,-2.78380865101936,0.0086817876509744,2.822903639972,0.0031126707172722,-0.00854901546251452,0.0048158660466701,20,0.195983021706443,0.491940676456777,5.78208890696484,0.485190804842482,5.75770945358768,0.000319476328131004,0.00270639459964631,-0.0312413929449082,-0.693572273826764,-0.00854901546251452,2.44802025155374,0.00715584987075891,1,2
5.6,-2.78380865101936,0.00788634425539204,2.822903639972,0.00307402474463716,-0.00854901546251452,0.00468625799448432,20,0.185668125827157,0.566881212242592,5.68779276985219,0.561515677337848,5.66524522636481,0.000319476328131004,0.00270639459964631,-0.0307177946686526,-0.693572273826764,-0.00854901546251452,2.44802025155374,0.00663225107435467,1,2
5.7,-2.78380865101936,0.00716656195748993,2.822903639972,0.0030390547051065,-0.00854901546251452,0.00453543097874379,20,0.17535322994787,0.566830654632759,5.68799987190915,0.562044185338259,5.66615933448631,0.000319476328131004,0.00270639459964631,-0.0307177946686526,-0.693572273826764,-0.00854901546251452,2.44802025155374,0.00663225107435467,1,2
5.8,-2.78380865101936,0.00651524489855985,2.822903639972,0.00300741099371742,-0.00854901546251452,0.00436538249084842,20,0.17535322994787,0.616766968985498,5.68844759124235,0.612509266456629,5.66828447595319,0.000319476328131004,0.00270639459964631,-0.030194196392397,-0.693572273826764,-0.00854901546251452,2.44802025155374,0.00383972433358158,1,2
5.9,-2.78380865101936,0.0057808340802302,2.822903639972,0.00270884838763407,-0.00854901546251452,0.00417830432975378,20,0.165038334068584,0.546940711031087,5.59290927303931,0.543715888016546,5.57166668978167,-0.00120535400917109,-0.000131271161944698,-0.0298451308748933,-0.693572273826764,-0.00854901546251452,2.44802025155374,0.00488692192639007,1,2
6,-2.78622151539519,0.00513162726505976,2.82266171617118,0.00240622578086248,-0.00221415693134941,0.00397655514518769,20,0.165038334068584,0.546917218066157,5.5932256089844,0.543946808288193,5.57933897896087,-0.00120616140224123,-0.000123632831912046,-0.0293215305180431,-0.693572273415034,-0.00221415693134941,2.44802025108215,0.00401425735240777,1,2
6.1,-2.78622151539519,0.0052955268720988,2.82266171617118,0.00218847481683277,-0.00221415693134941,0.00376263258046581,20,0.165038334068584,0.581817435046258,5.73969469049208,0.577684947743187,5.72771521639604,0.00685463719971403,0.000117098423684792,-0.0289724650005394,-0.693572273415034,-0.00221415693134941,2.44802025108215,0.00366519131475539,1,2
6.2,-2.78622151539519,0.00544383595079088,2.82266171617118,0.00199143685290486,-0.00221415693134941,0.00353914393866659,20,0.165038334068584,0.581746399490922,5.73973775000952,0.577392222335946,5.72807842679182,0.00685463719971403,0.000117098423684792,-0.0286233994830357,-0.693572273415034,-0.00221415693134941,2.44802025108215,0.00226892794436884,1,2
6.3,-2.78622151539519,0.00557803744296599,2.82266171617118,0.00181314170733812,-0.00221415693134941,0.00330877508898823,20,0.165038334068584,0.581662488391466,5.73979672072025,0.577119396824574,5.72843331559544,0.00685463719971403,0.000117098423684792,-0.0284488667242838,-0.693572273415034,-0.00221415693134941,2.44802025108215,0.00139626337038654,1,2
6.4,-2.78622151539519,0.0056994732531817,2.82266171617118,0.00165180657530268,-0.00221415693134941,0.00307425878216078,20,0.165038334068584,0.606369260695709,5.83652703330506,0.601187930145886,5.82659278492346,0.00685463719971403,0.000117098423684792,-0.0282743339655319,-0.693572273415034,-0.00221415693134941,2.44802025108215,0,1,2
6.5,-2.78622151539519,0.00580935765776989,2.82266171617118,0.00150581821411515,-0.00221415693134941,0.00283834243417497,20,0.17535322994787,0.60628442387908,5.83661908493938,0.600979780355277,5.82694394578394,0.00685463719971403,0.000117098423684792,-0.0282743339655319,-0.693572273415034,-0.00221415693134941,2.44802025108215,0,1,2
6.6,-2.78622151539519,0.00590878944019182,2.82266171617118,0.00137371682065415,-0.00221415693134941,0.00260375629176017,20,0.185668125827157,0.546177709462076,5.85438369224774,0.540693103210202,5.84431803943777,0.00685463719971403,0.000117098423684792,-0.0280998012067801,-0.693572273415034,-0.00221415693134941,2.44802025108215,-0.00174532927800176,1,2
6.7,-2.78622151539519,0.00599876287338381,2.82266171617118,0.00125418144062147,-0.00221415693134941,0.00237318168939725,20,0.185668125827157,0.546092495625061,5.85446481344467,0.540520299453245,5.84463637252108,0.00685463719971403,0.000117098423684792,-0.0280998012067801,-0.693572273415034,-0.00221415693134941,2.44802025108215,0,1,2
6.8,-2.78622151539519,0.0060801776584198,2.82266171617118,0.00114601676440211,-0.00221415693134941,0.00214921972037599,20,0.195983021706443,0.546008531861853,5.85455213269401,0.540361251758068,5.84493722823405,0.00685463719971403,0.000117098423684792,-0.0280998012067801,-0.693572273415034,-0.00221415693134941,2.44802025108215,0,1,2
6.9,-2.78622151539519,0.00615384791850892,2.82266171617118,0.00104814117797129,-0.00221415693134941,0.00193436231317864,20,0.195983021706443,0.545927081992872,5.85464251960238,0.540215206403897,5.84521967880602,0.00685463719971403,0.000117098423684792,-0.0282743339655319,-0.693572273415034,-0.00221415693134941,2.44802025108215,-0.000698131685193272,1,2
7,-2.78622151539519,0.00633524616447058,2.82266171617118,0.000971336494472048,-0.00221415693134941,0.00173096418079187,20,0.20629791758573,0.39596677823355,5.54973705975034,0.391553865404752,5.53361475651899,0.00806079860195526,0.000240731255596837,-0.0282743339655319,-0.693572273415034,-0.00221415693134941,2.44802025108215,-0.000349065842596636,1,2
7.1,-2.77009889167657,0.00649938899168786,2.82310748178516,0.000901837816125822,-0.00221415652082446,0.00154121555917249,20,0.216612813465016,0.395876036495362,5.54979591814598,0.391322610341595,5.53363786262941,0.00806079860205409,0.000240731252287678,-0.0282743339655319,-0.693572272584297,-0.00221415652082446,2.44802025191289,0,1,2
7.2,-2.77009889167657,0.00716352225653031,2.82310748178516,0.000774968026377305,-0.00221415652082446,0.00136711770732094,20,0.216612813465016,0.410891597298453,5.41952557867919,0.406577775293295,5.40160055217076,0.013481092213722,-0.000431881283272296,-0.0282743339655319,-0.693572272584297,-0.00221415652082446,2.44802025191289,0.00104719752778991,1,2
7.3,-2.77009889167657,0.00776448008017019,2.82310748178516,0.00066016668036883,-0.00221415652082446,0.00121046171104142,20,0.216612813465016,0.410818593114965,5.41954834631507,0.406045874717796,5.40075867036512,0.013481092213722,-0.000431881283272296,-0.0280998012067801,-0.693572272584297,-0.00221415652082446,2.44802025191289,-0.00157079638921273,1,2
7.4,-2.77009889167657,0.00830827197390321,2.82310748178516,0.000556285777428029,-0.00221415652082446,0.00107280940551426,20,0.226927709344303,0.410749946337039,5.41956382880508,0.405566513982461,5.39999219939609,0.013481092213722,-0.000431881283272296,-0.0282743339655319,-0.693572272584297,-0.00221415652082446,2.44802025191289,-0.00104719752778991,1,2
7.5,-2.77009889167657,0.00880033580706963,2.82310748178516,0.000462286518000056,-0.00221415652082446,0.000955475444699515,20,0.226927709344303,0.395609474906461,5.55862025177845,0.389085107398697,5.53977864896669,0.013481092213722,-0.000431881283272296,-0.0282743339655319,-0.693572272584297,-0.00221415652082446,2.44802025191289,0.000349065842596636,1,2
7.6,-2.77009889167657,0.00924559218125408,2.82310748178516,0.000377228916510437,-0.00221415652082446,0.000859513843044419,20,0.237242605223589,0.395558842141655,5.55865540492205,0.388670114205582,5.53927320918285,0.013481092213722,-0.000431881283272296,-0.0280998012067801,-0.693572272584297,-0.00221415652082446,2.44802025191289,0.000349065842596636,1,2
7.7,-2.77009889167657,0.00964849363297215,2.82310748178516,0.000300262402145329,-0.00221415652082446,0.000785708769973774,20,0.237242605223589,0.450529990828455,5.52349709276366,0.443555269136364,5.50525710815524,0.013481092213722,-0.000431881283272296,-0.0280998012067801,-0.693572272584297,-0.00221415652082446,2.44802025191289,0.000349065842596636,1,2
7.8,-2.77009889167657,0.0100130691565688,2.82310748178516,0.000230617313614594,-0.00221415652082446,0.000734567287735922,20,0.237242605223589,0.510489656872359,5.50647587396629,0.503344989826428,5.48954231968348,0.013481092213722,-0.000431881283272296,-0.0280998012067801,-0.693572272584297,-0.00221415652082446,2.44802025191289,0.000698131685193272,1,2
7.9,-2.77009889167657,0.0103429644923341,2.82310748178516,0.000167597202888039,-0.00221415652082446,0.000706315063269093,20,0.237242605223589,0.510463528678377,5.5064590298872,0.503060287168067,5.48918950959468,0.013481092213722,-0.000431881283272296,-0.0280998012067801,-0.693572272584297,-0.00221415652082446,2.44802025191289,0.00209439505557982,1,2
8,-2.77009889167657,0.0106414785825522,2.82310748178516,0.00011057187097378,-0.00221415652082446,0.000700896623964412,20,0.237242605223589,0.510445827807389,5.50642811545215,0.502809372675668,5.48885417879102,0.013481092213722,-0.000431881283272296,-0.0279252684480282,-0.693572272584297,-0.00221415652082446,2.44802025191289,0.000174532921298318,1,2
8.1,-2.77009889167657,0.0101448138573509,2.82310748178516,3.60715285760086e-05,-0.00221415652082446,0.000717978824864113,20,0.237242605223589,0.580420925819923,5.50633871400071,0.573087605033192,5.49137480570989,0.00542029361166788,-0.000672612535559974,-0.0279252684480282,-0.693572272584297,-0.00221415652082446,2.44802025191289,0.00122173048159752,1,2
8.2,-2.75926130956258,0.010726838100796,2.82173825727424,6.22218632382946e-05,0.000726020098855917,0.000756956062043616,20,0.237242605223589,0.580418541618587,5.50628727262162,0.572710296464544,5.49353578793712,0.0162627483127062,0.000594712161583638,-0.0277507356892763,-0.693572271873277,0.000726020098855917,2.44802025215232,0.00261799398202122,1,2
8.3,-2.75926130956258,0.0112550895773154,2.82173825727424,-0.000235964148820076,0.000726020098855917,0.000816960027205609,20,0.237242605223589,0.68545110694092,5.46262979218181,0.677499595922428,5.45120498275772,0.01628007828374,-0.0030724566331944,-0.0275762029305245,-0.693572271873277,0.000726020098855917,2.44802025215232,0.00244346096319503,1,2
8.4,-2.75926130956258,0.0117330911895623,2.82173825727424,-0.000505785248900086,0.000726020098855917,0.000896873220743401,20,0.226927709344303,0.6854816622408,5.4625793304459,0.677007574216679,5.45090796960187,0.01628007828374,-0.0030724566331944,-0.0274016701717726,-0.693572271873277,0.000726020098855917,2.44802025215232,0.00279252674077309,1,2
8.5,-2.75926130956258,0.012165622947754,2.82173825727424,-0.000749939644669255,0.000726020098855917,0.000995343933926314,20,0.226927709344303,0.685514971010083,5.4625152114548,0.676571868175531,5.45062460029347,0.01628007828374,-0.0030724566331944,-0.0270526025736743,-0.693572271873277,0.000726020098855917,2.44802025215232,0.00366519131475539,1,2
8.6,-2.75926130956258,0.0125570101650973,2.82173825727424,-0.000970868877615607,0.000726020098855917,0.0011108042681458,20,0.216612813465016,0.755561035551145,5.54931151179483,0.745465833844512,5.53955607624502,0.01628007828374,-0.0030724566331944,-0.0270526025736743,-0.693572271873277,0.000726020098855917,2.44802025215232,0.00366519131475539,1,2
8.7,-2.75926130956258,0.0129111667105241,2.82173825727424,-0.00117078223823881,0.000726020098855917,0.00124149147456835,20,0.216612813465016,0.76556398143107,5.58423611078203,0.75480646076906,5.57499780343492,0.01628007828374,-0.0030724566331944,-0.0268780698149224,-0.693572271873277,0.000726020098855917,2.44802025215232,0.00226892794436884,1,2
8.8,-2.75926130956258,0.0132316341470868,2.82173825727424,-0.00135167885878937,0.000726020098855917,0.00138547049759629,20,0.216612813465016,0.765602449157691,5.58414084399558,0.754493154760117,5.57481849906515,0.01628007828374,-0.0030724566331944,-0.0265290042974187,-0.693572271873277,0.000726020098855917,2.44802025215232,0.00331612553717733,1,2
8.9,-2.75926130956258,0.0135216171473717,2.82173825727424,-0.00151536770446832,0.000726020098855917,0.0015406582851825,20,0.20629791758573,0.705742773990497,5.39241219059012,0.696009415253073,5.37923088590757,0.01628007828374,-0.0030724566331944,-0.0263544715386668,-0.693572271873277,0.000726020098855917,2.44802025215232,0.00174532927800176,1,2
9,-2.75926130956258,0.0137840155400632,2.82173825727424,-0.00166348566298825,0.000726020098855917,0.00170485077928273,20,0.20629791758573,0.705795960006823,5.39231153327865,0.695792551124947,5.37897863264978,0.01628007828374,-0.0030724566331944,-0.0260054060211631,-0.693572271873277,0.000726020098855917,2.44802025215232,0.000872664639000881,1,2
9.1,-2.75926130956258,0.0140214533081113,2.82173825727424,-0.00179751391338294,0.000726020098855917,0.00187574998928599,20,0.20629791758573,0.705851325850389,5.39220735495369,0.695604472109238,5.37873771169974,0.01628007828374,-0.0030724566331944,-0.0258308732624112,-0.693572271873277,0.000726020098855917,2.44802025215232,0.00157079638921273,1,2
9.2,-2.73757426716922,0.013716846075624,2.82432051995705,-0.00188299303799248,0.00289079004207227,0.00205099172931821,20,0.20629791758573,0.585985276770232,5.20009684827211,0.577926758890944,5.18335679888752,0.0108565996331332,-0.0024074180703599,-0.0256563405036594,-0.693572270451235,0.00289079004207227,2.44802025215232,0.00209439505557982,1,2
9.3,-2.73753428236026,0.0156272282218524,2.81698620946429,-0.00183996619954008,0.00801259695708256,0.00222817482167913,20,0.20629791758573,0.586064810435207,5.19998651405131,0.577186002363688,5.18537160540545,0.0338931764367842,-0.000762611086053426,-0.0254818077449075,-0.693572270451235,0.00801259695708256,2.44802025281076,0.00349065855600352,1,2
9.4,-2.73753428236026,0.0173647750977238,2.81698620946429,-0.00173748287977941,0.00801259695708256,0.00240489047987252,20,0.195983021706443,0.521190848318529,5.11155581396172,0.513007461040212,5.08945523609743,0.0338931764367842,-0.000762611086053426,-0.0253072749861556,-0.693572270451235,0.00801259695708256,2.44802025281076,0.00331612553717733,1,2
9.5,-2.73753428236026,0.0189370379685187,2.81698620946429,-0.00164474827746561,0.00801259695708256,0.00257875150923099,20,0.195983021706443,0.5212666659461,5.11133989214952,0.512612365627508,5.08632182234261,0.0338931764367842,-0.000762611086053426,-0.0249582073880573,-0.693572270451235,0.00801259695708256,2.44802025281076,0.00331612553717733,1,2
9.6,-2.73753428236026,0.0203597394607911,2.81698620946429,-0.0015608350467026,0.00801259695708256,0.00274741998564864,20,0.195983021706443,0.521339606150747,5.11113608982176,0.512264389980426,5.08347857066896,0.0338931764367842,-0.000762611086053426,-0.0244346091118017,-0.693572270451235,0.00801259695708256,2.44802025281076,0.00506145468514193,1,2
9.7,-2.73753428236026,0.0216471065878677,2.81698620946429,-0.00148490405527688,0.00801259695708256,0.00290863429389369,20,0.185668125827157,0.521409008039739,5.11094577203696,0.511957012286175,5.08089970389343,0.0338931764367842,-0.000762611086053426,-0.0244346091118017,-0.693572270451235,0.00801259695708256,2.44802025281076,0.00506145468514193,1,2
9.8,-2.73753428236026,0.0228120130198366,2.81698620946429,-0.00141619599334395,0.00801259695708256,0.00306023608610671,20,0.17535322994787,0.521515435209959,5.28672708659982,0.508203660197345,5.25838631699668,0.0338931764367842,-0.000762611086053426,-0.024085543594298,-0.693572270451235,0.00801259695708256,2.44802025281076,0.0047123891676382,1,2
9.9,-2.73753428236026,0.0238661078201416,2.81698620946429,-0.00135402378033615,0.00801259695708256,0.00320019516360501,20,0.165038334068584,0.521575685241469,5.28663815190674,0.507784874108019,5.25646681140822,0.0338931764367842,-0.000762611086053426,-0.0237364780767942,-0.693572270451235,0.00801259695708256,2.44802025281076,0.00349065855600352,1,2
10,-2.73753428236026,0.0248199319361364,2.81698620946429,-0.00129776569416169,0.00801259695708256,0.00332663206602039,20,0.165038334068584,0.496406561695133,5.37322762164101,0.48045750443317,5.34195710727151,0.0338931764367842,-0.000762611086053426,-0.0233874125592905,-0.693572270451235,0.00801259695708256,2.44802025281076,0.00261799398202122,1,2
10.1,-2.73753428236026,0.0256830236085001,2.81698620946429,-0.00124685915398718,0.00801259695708256,0.00343783838597459,20,0.165038334068584,0.496446211677794,5.37313163463489,0.480043445981855,5.34034977034985,0.0338931764367842,-0.000762611086053426,-0.0230383470417868,-0.693572270451235,0.00801259695708256,2.44802025281076,0.00296705975959928,1,2
10.2,-2.73753428236026,0.0254315736733467,2.81698620946429,-0.0013153451016198,0.00801259695708256,0.00353229507423414,20,0.154723438189297,0.496480011921705,5.37306533033342,0.480172991046159,5.34080469822966,0.0230396581201845,-0.00196681714600729,-0.0228638122024403,-0.693572270451235,0.00801259695708256,2.44802025281076,0.00279252674077309,1,2
10.3,-2.69146491181749,0.0252000903325313,2.82075622297579,-0.0011410600548855,0.0124798274062712,0.00360868892054154,20,0.154723438189297,0.451270737343599,5.54683183369779,0.432067175250128,5.52196073588187,0.0230564154618915,0.00159739853185727,-0.0225147466849366,-0.693572267547295,0.0124798274062712,2.44802025459195,0.00244346096319503,1,2
10.4,-2.69146491181749,0.0271546941417174,2.82075622297579,-0.00114993927503687,0.0124798274062712,0.00366592563071503,20,0.154723438189297,0.451289279655935,5.54676402216791,0.4306905833131,5.518746251668,0.0457478476618812,-0.00123440278761055,-0.0223402139261847,-0.693572267547295,0.0124798274062712,2.44802025459195,0.00383972433358158,1,2
10.5,-2.69146491181749,0.0289233664169687,2.82075622297579,-0.00115797386006825,0.0124798274062712,0.00370314058308444,20,0,0.511395390964275,5.45152442592627,0.491438389899613,5.42197776656807,0.0457478476618812,-0.00123440278761055,-0.021991148408681,-0.693572267547295,0.0124798274062712,2.44802025459195,0.00139626337038654,1,2
10.6,-2.69146491181749,0.0305237938807095,2.82075622297579,-0.00116524415582848,0.0124798274062712,0.00371970708975617,20,0,0.511398216065896,5.45150058157719,0.490414723210337,5.41947037687921,0.0457478476618812,-0.00123440278761055,-0.021991148408681,-0.693572267547295,0.0124798274062712,2.44802025459195,0.00139626337038654,1,2
10.7,-2.69146491181749,0.031971980807334,2.82075622297579,-0.00117182286527405,0.0124798274062712,0.0037152399573366,20,0,0.511393835112049,5.45149295386834,0.489483869171387,5.41720653826522,0.0457478476618812,-0.00123440278761055,-0.0218166156499291,-0.693572267547295,0.0124798274062712,2.44802025459195,0.00226892794436884,1,2
10.8,-2.69146491181749,0.0332824090659283,2.82075622297579,-0.00117777577549859,0.0124798274062712,0.00368959727915179,20,0,0.511382190102623,5.45150164309163,0.488635694112589,5.41516627360664,0.0457478476618812,-0.00123440278761055,-0.0216420828911773,-0.693572267547295,0.0124798274062712,2.44802025459195,0.000698131685193272,1,2
10.9,-2.69146491181749,0.0344681829389447,2.82075622297579,-0.00118316241560375,0.0124798274062712,0.00364287934896231,20,0,0.556276885505648,5.5477030612998,0.530355185832793,5.51815954859879,0.0457478476618812,-0.00123440278761055,-0.0212930173736735,-0.693572267547295,0.0124798274062712,2.44802025459195,0.00401425735240777,1,2
11,-2.69146491181749,0.0355411601650147,2.82075622297579,-0.00118803665199013,0.0124798274062712,0.00357542402707656,20,0,0.556250286684979,5.54773171398692,0.529563757836933,5.51677851970503,0.0457478476618812,-0.00123440278761055,-0.0209439518561698,-0.693572267547295,0.0124798274062712,2.44802025459195,0.00261799398202122,1,2
11.1,-2.69146491181749,0.0365120705163255,2.82075622297579,-0.00119244722702125,0.0124798274062712,0.00348780054050037,20,0,0.541547144637291,5.48757099297598,0.515732901294656,5.45102551984006,0.0457478476618812,-0.00123440278761055,-0.0205948842580715,-0.693572267547295,0.0124798274062712,2.44802025459195,0.00418879011115963,1,2
11.2,-2.69146491181749,0.0373906230963361,2.82075622297579,-0.00119643824644718,0.0124798274062712,0.00338079917958741,20,0,0.541507629983933,5.48763863244442,0.515108292535175,5.44982793163422,0.0457478476618812,-0.00123440278761055,-0.0202458187405677,-0.693572267547295,0.0124798274062712,2.44802025459195,0.00523598796404245,1,2
11.3,-2.69146491181749,0.0359923637096738,2.82075622297579,-0.00135200203111919,0.0124798274062712,0.00325541894069785,20,0,0.54145713999071,5.48769849471239,0.515864599381605,5.45210763666477,0.0226914321999897,-0.00283180131946782,-0.0197222204643121,-0.693572267547295,0.0124798274062712,2.44802025459195,0.00506145468514193,1,2
11.4,-2.64601490252479,0.034727113640837,2.81565941698648,-0.00149276775595831,0.0124798254779195,0.00311285422759887,20,0,0.466258551117626,5.3909170874327,0.444039550595059,5.34451167995484,0.0226914322054504,-0.00283180127571076,-0.0195476877055603,-0.693572265586531,0.0124798254779195,2.44802025655271,0.00226892794436884,1,2
11.5,-2.64601490252479,0.0354910123312781,2.81565941698648,-0.00168975791488625,0.0124798254779195,0.00295447796709103,20,0,0.466201916631129,5.39104168846703,0.443376537496103,5.34349318084628,0.0427575926651729,-0.00356362526503215,-0.0191986221880565,-0.693572265586531,0.0124798254779195,2.44802025655271,0.00157079638921273,1,2
11.6,-2.64601490252479,0.0361822257053051,2.81565941698648,-0.00201538552946518,0.0124798254779195,0.0027818221263804,20,0,0.516266261159268,5.33856672969268,0.494201329221199,5.29400524751059,0.0427573875335462,-0.00511291567290962,-0.0191986221880565,-0.693572265586531,0.0124798254779195,2.44802025655271,0.000174532921298318,1,2
11.7,-2.64601490252479,0.0368076874610903,2.81565941698648,-0.00231003784262882,0.0124798254779195,0.00259655747301037,20,0,0.531131107568787,5.23375012600041,0.511695324463166,5.18598146614544,0.0427573875335462,-0.00511291567290962,-0.0191986221880565,-0.693572265586531,0.0124798254779195,2.44802025655271,0.000174532921298318,1,2
11.8,-2.64601490252479,0.0373736522161812,2.81565941698648,-0.00257666137750386,0.0124798254779195,0.00240047214476339,20,0,0.531047982907071,5.23384627560473,0.511118080468757,5.18531070779149,0.0427573875335462,-0.00511291567290962,-0.0190240894293047,-0.693572265586531,0.0124798254779195,2.44802025655271,0.000174532921298318,1,2
11.9,-2.64601490252479,0.0378857796181207,2.81565941698648,-0.00281792236943536,0.0124798254779195,0.00219544908568969,20,0,0.530960324366988,5.23394625305887,0.510583705091079,5.18471639058063,0.0427573875335462,-0.00511291567290962,-0.0188495566705528,-0.693572265586531,0.0124798254779195,2.44802025655271,0.000698131685193272,1,2
12,-2.64601490252479,0.0383491909409225,2.81565941698648,-0.00303623342833991,0.0124798254779195,0.00198344229035113,20,0,0.515916802498648,5.16071744995585,0.497646662995771,5.10625799821569,0.0427573875335462,-0.00511291567290962,-0.0188495566705528,-0.693572265586531,0.0124798254779195,2.44802025655271,0.00331612553717733,1,2
12.1,-2.64601490252479,0.0387685202978104,2.81565941698648,-0.00323377766480454,0.0124798254779195,0.00176645293354569,20,0,0.515815673331592,5.16075469719636,0.497205804602078,5.10565169840355,0.0427573875335462,-0.00511291567290962,-0.0188495566705528,-0.693572265586531,0.0124798254779195,2.44802025655271,0.00331612553717733,1,2
12.2,-2.64601490252479,0.0391479609823499,2.81565941698648,-0.00341253052119239,0.0124798254779195,0.00154650650932717,20,0,0.54070551874381,5.06597717311722,0.525135731445327,5.01063821103406,0.0427573875335462,-0.00511291567290962,-0.0183259563137026,-0.693572265586531,0.0124798254779195,2.44802025655271,0.00191986216679079,1,2
12.3,-2.64601490252479,0.0394913074013843,2.81565941698648,-0.00357427952606625,0.0124798254779195,0.00132562875684952,20,0,0.540599053440094,5.06601090600581,0.524777163257522,5.01012292811105,0.0427573875335462,-0.00511291567290962,-0.0181514235549508,-0.693572265586531,0.0124798254779195,2.44802025655271,0.00157079638921273,1,2
12.4,-2.64601490252479,0.0376434723011846,2.81565941698648,-0.00345126729408919,0.0124798254779195,0.00110582056261254,20,0,0.540498584510387,5.06625673354486,0.525310503034884,5.01367840586977,0.0200659553280958,-0.00228111439719886,-0.017802358037447,-0.693572265586531,0.0124798254779195,2.44802025655271,0.00349065855600352,1,2
12.5,-2.6058674411927,0.0359754415933303,2.8146967143455,-0.00329627367457323,0.0112655149491931,0.000889034905215767,20,0,0.50043098787641,5.07675698469148,0.485601568610524,5.02110242992025,0.0200687105145188,-0.00225674642055474,-0.017802358037447,-0.693572263745484,0.0112655149491931,2.44802025655271,0.00349065855600352,1,2
12.6,-2.60582918267997,0.0344553158142065,2.81159836970258,-0.00327195121715932,0.0134293288091152,0.000677156186029876,20,0,0.5953278606122,5.12234391302583,0.579372057134005,5.08340660689257,0.0200637803574059,-0.00230016605748689,-0.0176278252786952,-0.693572263745484,0.0134293288091152,2.44802025851348,0.00226892794436884,1,2
12.7,-2.60582918267997,0.0348520484752874,2.81159836970258,-0.00360540621490361,0.0134293288091152,0.000471980207239812,20,0,0.595237297671364,5.12242078243531,0.578824593010492,5.08302605657919,0.0386259648182877,-0.00677739427914307,-0.0174532925199433,-0.693572263745484,0.0134293288091152,2.44802025851348,-0.000872664639000881,1,2
12.8,-2.60582918267997,0.0352110419729408,2.81159836970258,-0.00390714133200767,0.0134293288091152,0.000275193684025239,20,0,0.645168705997136,5.2098227192054,0.625585325654166,5.17669195703432,0.0386259648182877,-0.00677739427914307,-0.0174532925199433,-0.693572263745484,0.0134293288091152,2.44802025851348,0.000872664639000881,1,2
12.9,-2.60582918267997,0.0355358862421426,2.81159836970258,-0.004180173919642,0.0134293288091152,8.83555935207888e-05,20,0,0.645087246843627,5.20989046216721,0.625113123190538,5.17647542353846,0.0386259648182877,-0.00677739427914307,-0.0174532925199433,-0.693572263745484,0.0134293288091152,2.44802025851348,-0.000174532921298318,1,2
13,-2.60582918267997,0.0358298297255844,2.81159836970258,-0.0044272343036825,0.0134293288091152,-8.71173463348552e-05,20,0,0.645009930861684,5.20995231835306,0.624682938240508,5.17628127714886,0.0386259648182877,-0.00677739427914307,-0.0174532925199433,-0.693572263745484,0.0134293288091152,2.44802025851348,-0.00139626337038654,1,2
13.1,-2.60582918267997,0.0360958118581002,2.81159836970258,-0.00465079308796929,0.0134293288091152,-0.000249964592137978,20,0,0.545060203671713,5.34973344856607,0.520473408419626,5.31265501514652,0.0386259648182877,-0.00677739427914307,-0.0176278252786952,-0.693572263745484,0.0134293288091152,2.44802025851348,-0.000174532921298318,1,2
13.2,-2.60582918267997,0.036336492461015,2.81159836970258,-0.004853085860345,0.0134293288091152,-0.000399094513455418,20,0,0.545004725127065,5.34981849688594,0.520114510071261,5.31257057925936,0.0386259648182877,-0.00677739427914307,-0.0176278252786952,-0.693572263745484,0.0134293288091152,2.44802025851348,0,1,2
13.3,-2.60582918267997,0.0365542783403576,2.81159836970258,-0.00503613554853321,0.0134293288091152,-0.00053359346211755,20,0,0.450320329147129,5.26431503045199,0.427788423999822,5.21102378156847,0.0386259648182877,-0.00677739427914307,-0.0176278252786952,-0.693572263745484,0.0134293288091152,2.44802025851348,0.000698131685193272,1,2
13.4,-2.60582918267997,0.0367513473549213,2.81159836970258,-0.00520177264941568,0.0134293288091152,-0.00065273257611045,20,0,0.450279733103661,5.26441005012982,0.427507707644297,5.21089438136599,0.0386259648182877,-0.00677739427914307,-0.017802358037447,-0.693572263745484,0.0134293288091152,2.44802025851348,-0.000698131685193272,1,2
13.5,-2.60582918267997,0.0350209452066612,2.81159836970258,-0.00528022646145952,0.0134293288091152,-0.000755972802559172,20,0,0.450237128138601,5.26444361954496,0.428190971989772,5.21454210015554,0.0185605082731653,-0.00602651773637408,-0.017802358037447,-0.693572263745484,0.0134293288091152,2.44802025851348,-0.000698131685193272,1,2
13.6,-2.60582918267997,0.0334553068749594,2.81159836970258,-0.00520384131655439,0.0134293288091152,-0.000842968000273964,20,0,0.450185327966357,5.26443498888366,0.428943722163422,5.2176644549213,0.0185621844608818,-0.00447722822165618,-0.017802358037447,-0.693572263745484,0.0134293288091152,2.44802025851348,-0.00157079638921273,1,2
13.7,-2.56858791261441,0.0320410363357431,2.80314326107297,-0.00511949594314006,0.0129540964233683,-0.000913565815127006,20,0,0.454809560216818,5.24556302721106,0.434795154096201,5.2008901831323,0.0185643100885551,-0.00446840636520057,-0.017802358037447,-0.693572262435882,0.0129540964233683,2.44802025976322,0.000174532921298318,1,2
13.8,-2.56858791261441,0.0316692366998638,2.80314326107297,-0.00497485986612259,0.0129540964233683,-0.000967805783764877,20,0,0.454782001957543,5.2455871977781,0.435069010310452,5.20152840787618,0.0281324955646135,-0.00359901031205,-0.017802358037447,-0.693572262435882,0.0129540964233683,2.44802025976322,-0.000523598763894954,1,2
13.9,-2.56858791261441,0.0313328044753367,2.80314326107297,-0.00484398228464575,0.0129540964233683,-0.0010059148019097,20,0,0.48458898708709,5.1752820089406,0.466951084563555,5.13270297324063,0.0281324955646135,-0.00359901031205,-0.0176278252786952,-0.693572262435882,0.0129540964233683,2.44802025976322,0.000174532921298318,1,2
14,-2.56858791261441,0.0310283753399166,2.80314326107297,-0.00472555442289478,0.0129540964233683,-0.00102830128461489,20,0,0.484576391190477,5.1752877804363,0.467170230077583,5.13321329262329,0.0281324955646135,-0.00359901031205,-0.0176278252786952,-0.693572262435882,0.0129540964233683,2.44802025976322,0.000349065842596636,1,2
14.1,-2.56858791261441,0.0307529050022495,2.80314326107297,-0.0046183920022522,0.0129540964233683,-0.0010355471279453,20,0,0.484570686481749,5.17528619905799,0.467374559238532,5.13366854653328,0.0281324955646135,-0.00359901031205,-0.017802358037447,-0.693572262435882,0.0129540964233683,2.44802025976322,-0.000349065842596636,1,2
14.2,-2.56858791261441,0.0305036387589586,2.80314326107297,-0.0045214233985116,0.0129540964233683,-0.001028397559194,20,0,0.559574647494212,5.09684043416979,0.544571897432303,5.06089539820314,0.0281324955646135,-0.00359901031205,-0.017802358037447,-0.693572262435882,0.0129540964233683,2.44802025976322,-0.000872664639000881,1,2
14.3,-2.56858791261441,0.030278083947611,2.80314326107297,-0.00443367892563559,0.0129540964233683,-0.00100775017084187,20,0,0.559582085179564,5.09682796122577,0.544738564028097,5.06122702511715,0.0281324955646135,-0.00359901031205,-0.017802358037447,-0.693572262435882,0.0129540964233683,2.44802025976322,-0.000523598763894954,1,2
14.4,-2.56858791261441,0.0300739850200934,2.80314326107297,-0.00435428113889541,0.0129540964233683,-0.000974642153177618,20,0,0.584555986517738,5.04431985486601,0.571263191976539,5.00991262783946,0.0281324955646135,-0.00359901031205,-0.0179768907961989,-0.693572262435882,0.0129540964233683,2.44802025976322,-0.000872664639000881,1,2
14.5,-2.56858791261441,0.0298893009871305,2.80314326107297,-0.00428243606042367,0.0129540964233683,-0.000930235925831582,20,0,0.509572485759401,4.99042360775539,0.498002589798492,4.94793533740519,0.0281324955646135,-0.00359901031205,-0.0179768907961989,-0.693572262435882,0.0129540964233683,2.44802025976322,-0.000349065842596636,1,2
14.6,-2.56858791261441,0.0297221850083928,2.80314326107297,-0.00421742523943565,0.0129540964233683,-0.000875803971000897,20,0,0.509597697369419,4.99041491631321,0.498129392172676,4.94823301794066,0.0281324955646135,-0.00359901031205,-0.0179768907961989,-0.693572262435882,0.0129540964233683,2.44802025976322,-0.000349065842596636,1,2
14.7,-2.56858791261441,0.0278050373754462,2.80314326107297,-0.00373354176089047,0.0129540964233683,-0.000812712599877417,20,0,0.534606759622589,4.96362497636958,0.524706038073856,4.92690950259703,0.00956818547605837,0.000869396053150574,-0.0181514235549508,-0.693572262435882,0.0129540964233683,2.44802025976322,-0.000523598763894954,1,2
14.8,-2.54947567111442,0.0260588430064155,2.8051297947506,-0.0033847635284356,0.0163716033086849,-0.000742405020921281,20,0,0.539654746184856,4.95526798804919,0.530645333554175,4.9253709042553,0.00957110076221755,0.000836691700070417,-0.0181514235549508,-0.693572261073699,0.0163716033086849,2.44802026071368,-0.00122173048159752,1,2
14.9,-2.54947567111442,0.0251328706104238,2.8051297947506,-0.0028829743531112,0.0163716033086849,-0.0006663845176874,20,0,0.539704303177605,4.95538365897921,0.53135522040877,4.92695001366714,0.0163245654186811,0.00189029126182806,-0.0183259563137026,-0.693572261073699,0.0163716033086849,2.44802026071368,-0.000523598763894954,1,2
15,-2.54947567111442,0.0242949812663494,2.8051297947506,-0.00242891783393615,0.0163716033086849,-0.000586197472221837,20,0,0.604869833306164,5.16659594824604,0.592325556767501,5.14770980094844,0.0163245654186811,0.00189029126182806,-0.0183259563137026,-0.693572261073699,0.0163716033086849,2.44802026071368,-0.000174532921298318,1,2
15.1,-2.54947567111442,0.0235367960807517,2.8051297947506,-0.00201805340571871,0.0163716033086849,-0.000503415732090616,20,0,0.604913357680488,5.16660277295794,0.593044438158089,5.14857300844701,0.0163245654186811,0.00189029126182806,-0.0181514235549508,-0.693572261073699,0.0163716033086849,2.44802026071368,-0.000174532921298318,1,2
15.2,-2.54947567111442,0.0228507332017746,2.8051297947506,-0.00164627242417671,0.0163716033086849,-0.000419619373655926,20,0,0.604954121716093,5.16660053123712,0.593699495729763,5.14934973109947,0.0163245654186811,0.00189029126182806,-0.0183259563137026,-0.693572261073699,0.0163716033086849,2.44802026071368,0.000349065842596636,1,2
15.3,-2.54947567111442,0.0222299320006284,2.8051297947506,-0.00130985707949475,0.0163716033086849,-0.000336380295871103,20,0,0.54498559354306,5.14905667159186,0.534677012275988,5.12848713648542,0.0163245654186811,0.00189029126182806,-0.0181514235549508,-0.693572261073699,0.0163716033086849,2.44802026071368,0.000698131685193272,1,2
15.4,-2.54947567111442,0.0216681844653017,2.8051297947506,-0.00100544321822601,0.0163716033086849,-0.000255245793807133,20,0,0.545020933829793,5.14904453882606,0.535211603763582,5.12921252396212,0.0163245654186811,0.00189029126182806,-0.0183259563137026,-0.693572261073699,0.0163716033086849,2.44802026071368,-0.000349065842596636,1,2
15.5,-2.54947567111442,0.0211598731204412,2.8051297947506,-0.000729986701757794,0.0163716033086849,-0.000177722752834271,20,0,0.570006062051971,5.10502936184363,0.561495215807923,5.08677462654084,0.0163245654186811,0.00189029126182806,-0.0183259563137026,-0.693572261073699,0.0163716033086849,2.44802026071368,-0.00174532927800176,1,2
15.6,-2.54947567111442,0.0206999148525982,2.8051297947506,-0.000480732964925432,0.0163716033086849,-0.000105263674897151,20,0,0.600203069148257,5.31522287763172,0.58820674214419,5.30281265292024,0.0163245654186811,0.00189029126182806,-0.0183259563137026,-0.693572261073699,0.0163716033086849,2.44802026071368,-0.00174532927800176,1,2
15.7,-2.54947567111442,0.0202837100790944,2.8051297947506,-0.0002551894703606,0.0163716033086849,-3.925416949823e-05,20,0,0.600219427096742,5.31517388636248,0.588643011308399,5.30315246271625,0.0163245654186811,0.00189029126182806,-0.0185004890724545,-0.693572261073699,0.0163716033086849,2.44802026071368,-0.000349065842596636,1,2
15.8,-2.54947567111442,0.0189966465389979,2.8051297947506,-0.000130691015801888,0.0163716033086849,1.89997098174398e-05,20,0,0.600226340735834,5.31510612360585,0.589461133499803,5.30481299374852,0.00675346465646358,0.00105359956175764,-0.0185004890724545,-0.693572261073699,0.0163716033086849,2.44802026071368,-0.00139626337038654,1,2
15.9,-2.53600504857519,0.0178320214028021,2.8074578316953,-9.50934821911022e-06,0.0158934679353073,6.82831269941434e-05,20,0,0.640777776228421,5.35991559722451,0.63007837249837,5.35303697773136,0.00675296012129656,0.00105682851154621,-0.0185004890724545,-0.693572260302821,0.0158934679353073,2.4480202614247,-0.000872664639000881,1,2
16,-2.53600504857519,0.0167781265628703,2.8074578316953,9.19259574873902e-05,0.0158934679353073,0.000107481462278568,20,0,0.640739366779561,5.35978939502973,0.630746341964862,5.35417799982217,0.00675296012129656,0.00105682851154621,-0.0186750239118009,-0.693572260302821,0.0158934679353073,2.4480202614247,-0.000523598763894954,1,2
16.1,-2.53600504857519,0.0159493069956527,2.8074578316953,0.000260156827531949,0.0158934679353073,0.00013558831726836,20,0,0.660498791901485,5.38510937585322,0.650792185816073,5.38139102727698,0.00806516732956706,0.00186045166616749,-0.0185004890724545,-0.693572260302821,0.0158934679353073,2.4480202614247,-0.000349065842596636,1,2
16.2,-2.53600504857519,0.015199328825096,2.8074578316953,0.000412384749190153,0.0158934679353073,0.000151712532145448,20,0,0.66048141160015,5.38507812035963,0.651352610141563,5.382128004868,0.00806516732956706,0.00186045166616749,-0.0185004890724545,-0.693572260302821,0.0158934679353073,2.4480202614247,-0.000349065842596636,1,2
16.3,-2.53600504857519,0.0145206922694946,2.8074578316953,0.000550132001678585,0.0158934679353073,0.000155083314542796,20,0,0.660461023495719,5.3850543481873,0.651856442622072,5.38280019162942,0.00806516732956706,0.00186045166616749,-0.0185004890724545,-0.693572260302821,0.0158934679353073,2.4480202614247,-0.000349065842596636,1,2
16.4,-2.53600504857519,0.0139066109632924,2.8074578316953,0.000674776057522129,0.0158934679353073,0.00014505387373973,20,0,0.585608293174334,5.28021948872539,0.578748931183087,5.27498972364038,0.00806516732956706,0.00186045166616749,-0.0185004890724545,-0.693572260302821,0.0158934679353073,2.4480202614247,-0.000349065842596636,1,2
16.5,-2.53600504857519,0.0133509440934275,2.8074578316953,0.000787563357279219,0.0158934679353073,0.000121103636608232,20,0,0.585569759660603,5.28022679118877,0.579098677964231,5.27571776252878,0.00806516732956706,0.00186045166616749,-0.0185004890724545,-0.693572260302821,0.0158934679353073,2.4480202614247,-0.000349065842596636,1,2
16.6,-2.53600504857519,0.0128481349912012,2.8074578316953,0.000889621773947427,0.0158934679353073,8.2839069541793e-05,20,0,0.495567625924229,5.23347175050622,0.490017718426216,5.22544349179381,0.00806516732956706,0.00186045166616749,-0.0185004890724545,-0.693572260302821,0.0158934679353073,2.4480202614247,-0.000349065842596636,1,2
16.7,-2.53600504857519,0.0123931555655913,2.8074578316953,0.000981971891693435,0.0158934679353073,2.99931171736066e-05,20,0,0.49552110440968,5.23361679616064,0.490271291498832,5.22632195856004,0.00806516732956706,0.00186045166616749,-0.0185004890724545,-0.693572260302821,0.0158934679353073,2.4480202614247,-0.000349065842596636,1,2
16.8,-2.53600504857519,0.0119814560223416,2.8074578316953,0.0010655372116947,0.0158934679353073,-3.75766752994966e-05,20,0,0.495472179822199,5.23375690482317,0.490494593108701,5.22712683084211,0.00806516732956706,0.00186045166616749,-0.0185004890724545,-0.693572260302821,0.0158934679353073,2.4480202614247,-0.000349065842596636,1,2
16.9,-2.53600504857519,0.0109665445613978,2.8074578316953,0.00104062265745209,0.0158934679353073,-0.000119891275883872,20,0,0.495405564379511,5.23402365541915,0.490889789147192,5.22922865008448,0.0013122072082705,0.000803623154621283,-0.0185004890724545,-0.693572260302821,0.0158934679353073,2.4480202614247,-0.000349065842596636,1,2
17,-2.53600504857519,0.0100481764739854,2.8074578316953,0.00101807809823779,0.0158934679353073,-0.000216854669397418,20,0,0.545143424041973,5.31357659880913,0.540305992539874,5.31283586279818,0.0013122072082705,0.000803623154621283,-0.0186750239118009,-0.693572260302821,0.0158934679353073,2.4480202614247,0.000698131685193272,1,2
17.1,-2.53340650926051,0.00921537364381488,2.80910658430209,0.000848036136773167,0.0139055226858937,-0.000328259019031273,20,0,0.545108605963477,5.31377519742509,0.540574504757024,5.31246467472384,0.00131278425229151,-0.000959481602551594,-0.0186750239118009,-0.693572260242963,0.0139055226858937,2.44802026207586,-0.000174532921298318,1,2
17.2,-2.53340650926051,0.00846364044456548,2.80910658430209,0.000676096152855983,0.0139055226858937,-0.000453790735816996,20,0,0.520151114306148,5.48062200715255,0.514679051094135,5.48150316307545,0.00131278425229151,-0.000959481602551594,-0.0188495566705528,-0.693572260242963,0.0139055226858937,2.44802026207586,0.000872664639000881,1,2
17.3,-2.53340650926051,0.00778341580723882,2.80910658430209,0.000520511946492875,0.0139055226858937,-0.000593037976655166,20,0,0.520114266985678,5.48075975397384,0.514980856719578,5.48278512752401,0.00131278425229151,-0.000959481602551594,-0.0188495566705528,-0.693572260242963,0.0139055226858937,2.44802026207586,0.000872664639000881,1,2
17.4,-2.53340650926051,0.00716789748546164,2.80910658430209,0.00037972767562021,0.0139055226858937,-0.000745497925169729,20,0,0.520073104944254,5.48089967737991,0.515246958844141,5.48396222585972,0.00131278425229151,-0.000959481602551594,-0.0188495566705528,-0.693572260242963,0.0139055226858937,2.44802026207586,-0.000523598763894954,1,2
17.5,-2.53340650926051,0.00661093029601615,2.80910658430209,0.000252335497529264,0.0139055226858937,-0.000910585059825346,20,0,0.464944565169479,5.62114830127624,0.459725166926849,5.6254484038601,0.00131278425229151,-0.000959481602551594,-0.0188495566705528,-0.693572260242963,0.0139055226858937,2.44802026207586,0,1,2
17.6,-2.53340650926051,0.00610694456700792,2.80910658430209,0.000137061490439127,0.0139055226858937,-0.00108764083702409,20,0,0.464903693303165,5.62131027799394,0.459996469268717,5.62648140509925,0.00131278425229151,-0.000959481602551594,-0.0188495566705528,-0.693572260242963,0.0139055226858937,2.44802026207586,0.000349065842596636,1,2
17.7,-2.53340650926051,0.00565090044114684,2.80910658430209,3.27529142788965e-05,0.0139055226858937,-0.00127594234213809,20,0,0.609773757470782,5.51635207300707,0.605558748205095,5.52344995191083,0.00131278425229151,-0.000959481602551594,-0.0190240894293047,-0.693572260242963,0.0139055226858937,2.44802026207586,-0.000872664639000881,1,2
17.8,-2.53340650926051,0.00523823747717432,2.80910658430209,-6.1633316713029e-05,0.0139055226858937,-0.00147471120463277,20,0,0.609714977109642,5.51647543059687,0.605721923068533,5.52416025248156,0.00131278425229151,-0.000959481602551594,-0.0190240894293047,-0.693572260242963,0.0139055226858937,2.44802026207586,-0.000872664639000881,1,2
17.9,-2.53340650926051,0.00486482904545063,2.80910658430209,-0.000147041064846569,0.0139055226858937,-0.00168312351595255,20,0,0.609651761850967,5.51660209180184,0.60586042559455,5.52482056991844,0.00131278425229151,-0.000959481602551594,-0.0190240894293047,-0.693572260242963,0.0139055226858937,2.44802026207586,-0.00157079638921273,1,2
18,-2.53340650926051,0.00452694106165853,2.80910658430209,-0.000224324407603058,0.0139055226858937,-0.00190031930300818,20,0,0.609584422069939,5.51673181890921,0.605976555985515,5.5254357739167,0.00131278425229151,-0.000959481602551594,-0.0190240894293047,-0.693572260242963,0.0139055226858937,2.44802026207586,-0.00157079638921273,1,2
18.1,-2.53335305058472,0.004095596006732,2.80557556274179,-0.00038104997698626,0.0163716030676315,-0.00212541212692003,20,0,0.639656548026974,5.55166611072725,0.636042497212832,5.56381155791067,-2.17719467326922e-06,-0.00176571176361142,-0.0191986221880565,-0.693572260242963,0.0163716030676315,2.44802026154441,-0.000523598763894954,1,2
18.2,-2.53335305058472,0.00343749782444837,2.80557556274179,-0.000621998258167499,0.0163716030676315,-0.00235749817354704,20,0,0.640093194041453,5.55223669705124,0.636294942964897,5.56492834228171,-0.00282265599954928,-0.00291401690284493,-0.0193731549468084,-0.693572260242963,0.0163716030676315,2.44802026154441,-0.00104719752778991,1,2
18.3,-2.53335305058472,0.00311009190117024,2.80557556274179,-0.000898757109871219,0.0163716030676315,-0.00259566472497807,20,0,0.620268983131349,5.58725506745767,0.6162655390693,5.60076567064828,-4.35438934653843e-06,-0.00353142352722284,-0.0195476877055603,-0.693572260242963,0.0163716030676315,2.44802026154441,-0.000523598763894954,1,2
18.4,-2.53335305058472,0.00281383044079728,2.80557556274179,-0.00114918929740142,0.0163716030676315,-0.00283899825776829,20,0,0.620350597479849,5.58728350088093,0.616257988850487,5.60154047706256,-4.35438934653843e-06,-0.00353142352722284,-0.0195476877055603,-0.693572260242963,0.0163716030676315,2.44802026154441,-0.00366519131475539,1,2
18.5,-2.53335305058472,0.00254575082872575,2.80557556274179,-0.00137579914263341,0.0163716030676315,-0.00308659296246646,20,0,0.62038169917211,5.58725108113426,0.616243238009745,5.60225789391145,-4.35438934653843e-06,-0.00353142352722284,-0.0197222204643121,-0.693572260242963,0.0163716030676315,2.44802026154441,-0.00139626337038654,1,2
18.6,-2.53335305058472,0.00230317226883495,2.80557556274179,-0.00158085274401951,0.0163716030676315,-0.00333755952138882,20,0,0.590242981857787,5.56134378548535,0.586115476307665,5.57686395992247,-4.35438934653843e-06,-0.00353142352722284,-0.019896753223064,-0.693572260242963,0.0163716030676315,2.44802026154441,-0.00157079638921273,1,2
18.7,-2.53335305058472,0.00208366897552597,2.80557556274179,-0.00176640063757357,0.0163716030676315,-0.00359103174097788,20,0,0.590170673703216,5.56127784842603,0.58607320396902,5.57751849143899,-4.35438934653843e-06,-0.00353142352722284,-0.019896753223064,-0.693572260242963,0.0163716030676315,2.44802026154441,-0.000174532921298318,1,2
18.8,-2.53335305058472,0.0018850459158657,2.80557556274179,-0.00193429830223114,0.0163716030676315,-0.00384617273945756,20,0,0.604962330884888,5.51740955565995,0.600920203385203,5.53399996566074,-4.35438934653843e-06,-0.00353142352722284,-0.019896753223064,-0.693572260242963,0.0163716030676315,2.44802026154441,-0.000174532921298318,1,2
18.9,-2.53335305058472,0.00170531685925756,2.80557556274179,-0.00208622471463879,0.0163716030676315,-0.00410218105049045,20,0,0.514823060970784,5.52625060519412,0.510860811282693,5.54362515494885,-4.35438934653843e-06,-0.00353142352722284,-0.0200712859818159,-0.693572260242963,0.0163716030676315,2.44802026154441,-0.000349065842596636,1,2
19,-2.53335305058472,0.00154268451513546,2.80557556274179,-0.00222369913892061,0.0163716030676315,-0.00435829603825075,20,0,0.514659270169933,5.52624365352114,0.510793195948547,5.54420769560076,-4.35438934653843e-06,-0.00353142352722284,-0.0200712859818159,-0.693572260242963,0.0163716030676315,2.44802026154441,-0.00122173048159752,1,2
19.1,-2.53335305058472,0.00139593677100501,2.80557556274179,-0.00201216993184046,0.0163716030676315,-0.00461380339370709,20,0,0.514451398760098,5.52644365411326,0.510953176919195,5.54425713381171,0,0,-0.0200712859818159,-0.693572260242963,0.0163716030676315,2.44802026154441,-0.000872664639000881,1,2
19.2,-2.53895565472786,0.000730607156191805,2.8031869128425,-0.0020377782121073,0.0143826860848859,-0.00486803971258696,20,0,0.544723462686002,5.68236106828605,0.541636071713604,5.70086868253567,-0.00563637868835762,-0.00230782512500571,-0.0202458187405677,-0.693572260834267,0.0143826860848859,2.44802026154441,-0.00226892794436884,1,2
19.3,-2.53896531900991,0.000125917210037863,2.80387014005397,-0.0019984081133822,0.0139055243772004,-0.00512039644577727,20,0,0.54452519764878,5.68136831207205,0.542060901697621,5.70109615156699,-0.0056354398622034,-0.00162721878678069,-0.0202458187405677,-0.693572260834267,0.0139055243772004,2.44802026148455,-0.00174532927800176,1,2
